admin2Name_en,admin2Name_da,admin2Pcode,admin2RefName,admin2AltName1_en,admin2AltName2_en,admin2AltName1_da,admin2AltName2_da,admin1Name_en,admin1Name_da,admin1Pcode,admin0Name_en,admin0Name_da,admin0Pcode,date,validOn,ValidTo,regionName_en,regionName_da,regionCode
Ab Band,آب بند,AF1113,,,,,,Ghazni,غزنی,AF11,Afghanistan,افغانستان,AF,2017-08-23,2018-05-22,,South Eastern,جنوب ختیځه حوزه,SE
Ab Kamari,آب کمری,AF3102,,,,,,Badghis,بادغیس,AF31,Afghanistan,افغانستان,AF,2017-08-23,2018-05-22,,Western,لویدیځه حوزه,WR
Achin,اچین,AF0615,,,,,,Nangarhar,ننگرهار,AF06,Afghanistan,افغانستان,AF,2017-08-23,2018-05-22,,Eastern,ختیځه حوزه,ER
Adraskan,ادرسکن,AF3209,,,,,,Hirat,هرات,AF32,Afghanistan,افغانستان,AF,2017-08-23,2018-05-22,,Western,لویدیځه حوزه,WR
Ahmadaba,احمد آبا,AF1302,,,,,,Paktya,پکتیا,AF13,Afghanistan,افغانستان,AF,2017-08-23,2018-05-22,,South Eastern,جنوب ختیځه حوزه,SE
Ajristan,اجرستان,AF1118,,,,,,Ghazni,غزنی,AF11,Afghanistan,افغانستان,AF,2017-08-23,2018-05-22,,South Eastern,جنوب ختیځه حوزه,SE
Alasay,اله سای,AF0207,,,,,,Kapisa,کاپیسا,AF02,Afghanistan,افغانستان,AF,2017-08-23,2018-05-22,,Capital,مرکزی حوزه,CR
Ali Abad,علی آباد,AF1903,,,,,,Kunduz,کندز,AF19,Afghanistan,افغانستان,AF,2017-08-23,2018-05-22,,North Eastern,سهیل ختیځه حوزه,NE
Alingar,علینگار,AF0704,,,,,,Laghman,لغمان,AF07,Afghanistan,افغانستان,AF,2017-08-23,2018-05-22,,Eastern,ختیځه حوزه,ER
Alishang,علیشنگ,AF0703,,,,,,Laghman,لغمان,AF07,Afghanistan,افغانستان,AF,2017-08-23,2018-05-22,,Eastern,ختیځه حوزه,ER
Almar,المار,AF2904,,,,,,Faryab,فاریاب,AF29,Afghanistan,افغانستان,AF,2017-08-23,2018-05-22,,Northern,سهیلی حوزه,NR
Anar Dara,انار دره,AF3307,,,,,,Farah,فراه,AF33,Afghanistan,افغانستان,AF,2017-08-23,2018-05-22,,Western,لویدیځه حوزه,WR
Anawa,عنابه,AF0805,,Onaba,,,,Panjsher,پنجشیر,AF08,Afghanistan,افغانستان,AF,2017-08-23,2018-05-22,,Capital,مرکزی حوزه,CR
Andar,اندړ,AF1107,,,,,,Ghazni,غزنی,AF11,Afghanistan,افغانستان,AF,2017-08-23,2018-05-22,,South Eastern,جنوب ختیځه حوزه,SE
Andarab,اندراب,AF0907,,Banu,,,,Baghlan,بغلان,AF09,Afghanistan,افغانستان,AF,2017-08-23,2018-05-22,,North Eastern,سهیل ختیځه حوزه,NE
Andkhoy,اندخوی,AF2913,,,,,,Faryab,فاریاب,AF29,Afghanistan,افغانستان,AF,2017-08-23,2018-05-22,,Northern,سهیلی حوزه,NR
Aqcha,آقچه,AF2807,,,,,,Jawzjan,جوزجان,AF28,Afghanistan,افغانستان,AF,2017-08-23,2018-05-22,,Northern,سهیلی حوزه,NR
Arghandab,ارغنداب,AF2605,,,,,,Zabul,زابل,AF26,Afghanistan,افغانستان,AF,2017-08-23,2018-05-22,,Southern,جنوبی حوزه,SR
Arghandab,ارغنداب,AF2702,,,,,,Kandahar,کندهار,AF27,Afghanistan,افغانستان,AF,2017-08-23,2018-05-22,,Southern,جنوبی حوزه,SR
Arghanj Khwah,ارغنچخواه,AF1703,,,,,,Badakhshan,بدخشان,AF17,Afghanistan,افغانستان,AF,2017-08-23,2018-05-22,,North Eastern,سهیل ختیځه حوزه,NE
Arghestan,ارغستان,AF2708,,,,,,Kandahar,کندهار,AF27,Afghanistan,افغانستان,AF,2017-08-23,2018-05-22,,Southern,جنوبی حوزه,SR
Argo,ارگو,AF1702,,,,,,Badakhshan,بدخشان,AF17,Afghanistan,افغانستان,AF,2017-08-23,2018-05-22,,North Eastern,سهیل ختیځه حوزه,NE
Asad Abad,اسد آباد,AF1501,,Centre,,,,Kunar,کنر ها,AF15,Afghanistan,افغانستان,AF,2017-08-23,2018-05-22,,Eastern,ختیځه حوزه,ER
Ashtarlay,اشترلی,AF2403,,Ishterlai,,,,Daykundi,دایکندی,AF24,Afghanistan,افغانستان,AF,2017-08-23,2018-05-22,,Central Highland,لوړه مرکزی حوزه,CH
Atghar,اتغر,AF2608,,,,,,Zabul,زابل,AF26,Afghanistan,افغانستان,AF,2017-08-23,2018-05-22,,Southern,جنوبی حوزه,SR
Aybak,ایبک,AF2001,,Centre,,,,Samangan,سمنگان,AF20,Afghanistan,افغانستان,AF,2017-08-23,2018-05-22,,Northern,سهیلی حوزه,NR
Azra,ازره,AF0507,,,,,,Logar,لوگر,AF05,Afghanistan,افغانستان,AF,2017-08-23,2018-05-22,,Capital,مرکزی حوزه,CR
Baghlan-e-Jadid,بغلان جدید,AF0905,,,,,,Baghlan,بغلان,AF09,Afghanistan,افغانستان,AF,2017-08-23,2018-05-22,,North Eastern,سهیل ختیځه حوزه,NE
Baghran,باغران,AF3012,,,,,,Hilmand,هلمند,AF30,Afghanistan,افغانستان,AF,2017-08-23,2018-05-22,,Southern,جنوبی حوزه,SR
Bagram,بگرام,AF0302,,,,,,Parwan,پروان,AF03,Afghanistan,افغانستان,AF,2017-08-23,2018-05-22,,Capital,مرکزی حوزه,CR
Bagrami,بگرامی,AF0104,,,,,,Kabul,کابل,AF01,Afghanistan,افغانستان,AF,2017-08-23,2018-05-22,,Capital,مرکزی حوزه,CR
Baharak,بهارک,AF1706,,,,,,Badakhshan,بدخشان,AF17,Afghanistan,افغانستان,AF,2017-08-23,2018-05-22,,North Eastern,سهیل ختیځه حوزه,NE
Baharak,بهارک,AF1803,,,,,,Takhar,تخار,AF18,Afghanistan,افغانستان,AF,2017-08-23,2018-05-22,,North Eastern,سهیل ختیځه حوزه,NE
Bak,باک,AF1409,,,,,,Khost,خوست,AF14,Afghanistan,افغانستان,AF,2017-08-23,2018-05-22,,South Eastern,جنوب ختیځه حوزه,SE
Bakwa,بکواه,AF3308,,,,,,Farah,فراه,AF33,Afghanistan,افغانستان,AF,2017-08-23,2018-05-22,,Western,لویدیځه حوزه,WR
Bala Buluk,بالا بلوک,AF3306,,,,,,Farah,فراه,AF33,Afghanistan,افغانستان,AF,2017-08-23,2018-05-22,,Western,لویدیځه حوزه,WR
Bala Murghab,بالا مرغاب,AF3105,,,,,,Badghis,بادغیس,AF31,Afghanistan,افغانستان,AF,2017-08-23,2018-05-22,,Western,لویدیځه حوزه,WR
Balkh,بلخ,AF2106,,,,,,Balkh,بلخ,AF21,Afghanistan,افغانستان,AF,2017-08-23,2018-05-22,,Northern,سهیلی حوزه,NR
Balkhab,بلخاب,AF2207,,,,,,Sar-e-Pul,سرپل,AF22,Afghanistan,افغانستان,AF,2017-08-23,2018-05-22,,Northern,سهیلی حوزه,NR
Bamyan,بامیان,AF1001,,Centre,,,,Bamyan,بامیان,AF10,Afghanistan,افغانستان,AF,2017-08-23,2018-05-22,,Central Highland,لوړه مرکزی حوزه,CH
Bangi,بنگی,AF1804,,,,,,Takhar,تخار,AF18,Afghanistan,افغانستان,AF,2017-08-23,2018-05-22,,North Eastern,سهیل ختیځه حوزه,NE
Bar Kunar,برکنر,AF1508,,,,,,Kunar,کنر ها,AF15,Afghanistan,افغانستان,AF,2017-08-23,2018-05-22,,Eastern,ختیځه حوزه,ER
Baraki Barak,برکی برک,AF0502,,,,,,Logar,لوگر,AF05,Afghanistan,افغانستان,AF,2017-08-23,2018-05-22,,Capital,مرکزی حوزه,CR
Barg-e-Matal,برگ متال,AF1608,,,,,,Nuristan,نورستان,AF16,Afghanistan,افغانستان,AF,2017-08-23,2018-05-22,,Eastern,ختیځه حوزه,ER
Barmal,برمل,AF1214,,,,,,Paktika,پکتیکا,AF12,Afghanistan,افغانستان,AF,2017-08-23,2018-05-22,,South Eastern,جنوب ختیځه حوزه,SE
Bati Kot,بتی کوټ,AF0609,,,,,,Nangarhar,ننگرهار,AF06,Afghanistan,افغانستان,AF,2017-08-23,2018-05-22,,Eastern,ختیځه حوزه,ER
Bazarak,بازارک,AF0801,,Centre,,,,Panjsher,پنجشیر,AF08,Afghanistan,افغانستان,AF,2017-08-23,2018-05-22,,Capital,مرکزی حوزه,CR
Behsud,بهسود,AF0602,,,,,,Nangarhar,ننگرهار,AF06,Afghanistan,افغانستان,AF,2017-08-23,2018-05-22,,Eastern,ختیځه حوزه,ER
Bilcheragh,بلچراغ,AF2905,,,,,,Faryab,فاریاب,AF29,Afghanistan,افغانستان,AF,2017-08-23,2018-05-22,,Northern,سهیلی حوزه,NR
Burka,بورکه,AF0910,,,,,,Baghlan,بغلان,AF09,Afghanistan,افغانستان,AF,2017-08-23,2018-05-22,,North Eastern,سهیل ختیځه حوزه,NE
Chahab,چاه آب,AF1816,,,,,,Takhar,تخار,AF18,Afghanistan,افغانستان,AF,2017-08-23,2018-05-22,,North Eastern,سهیل ختیځه حوزه,NE
Chahar Asyab,چهار آسیاب,AF0103,,,,,,Kabul,کابل,AF01,Afghanistan,افغانستان,AF,2017-08-23,2018-05-22,,Capital,مرکزی حوزه,CR
Chahar Darah,چهار دره,AF1902,,,,,,Kunduz,کندز,AF19,Afghanistan,افغانستان,AF,2017-08-23,2018-05-22,,North Eastern,سهیل ختیځه حوزه,NE
Chak-e-Wardak,چک,AF0404,,Chak,,,,Maidan Wardak,میدان وردک,AF04,Afghanistan,افغانستان,AF,2017-08-23,2018-05-22,,Capital,مرکزی حوزه,CR
Chakhansur,چخانسور,AF3403,,Asl-i-Chakhansur,,,,Nimroz,نیمروز,AF34,Afghanistan,افغانستان,AF,2017-08-23,2018-05-22,,Southern,جنوبی حوزه,SR
Chal,چال,AF1805,,,,,,Takhar,تخار,AF18,Afghanistan,افغانستان,AF,2017-08-23,2018-05-22,,North Eastern,سهیل ختیځه حوزه,NE
Chamkani,څمکنی,AF1310,,Samkani,,,,Paktya,پکتیا,AF13,Afghanistan,افغانستان,AF,2017-08-23,2018-05-22,,South Eastern,جنوب ختیځه حوزه,SE
Chapa Dara,چپه دره,AF1513,,,,,,Kunar,کنر ها,AF15,Afghanistan,افغانستان,AF,2017-08-23,2018-05-22,,Eastern,ختیځه حوزه,ER
Chaparhar,چپر هار,AF0604,,,,,,Nangarhar,ننگرهار,AF06,Afghanistan,افغانستان,AF,2017-08-23,2018-05-22,,Eastern,ختیځه حوزه,ER
Char Bolak,چار بولک,AF2111,,,,,,Balkh,بلخ,AF21,Afghanistan,افغانستان,AF,2017-08-23,2018-05-22,,Northern,سهیلی حوزه,NR
Char Burjak,چاربرجک,AF3404,,,,,,Nimroz,نیمروز,AF34,Afghanistan,افغانستان,AF,2017-08-23,2018-05-22,,Southern,جنوبی حوزه,SR
Charikar,چاریکار,AF0301,,Centre,,,,Parwan,پروان,AF03,Afghanistan,افغانستان,AF,2017-08-23,2018-05-22,,Capital,مرکزی حوزه,CR
Charkent,چار کنت,AF2104,,,,,,Balkh,بلخ,AF21,Afghanistan,افغانستان,AF,2017-08-23,2018-05-22,,Northern,سهیلی حوزه,NR
Charkh,چرخ,AF0503,,,,,,Logar,لوگر,AF05,Afghanistan,افغانستان,AF,2017-08-23,2018-05-22,,Capital,مرکزی حوزه,CR
Charsadra,چار صد ره,AF2304,,,,,,Ghor,غور,AF23,Afghanistan,افغانستان,AF,2017-08-23,2018-05-22,,Western,لویدیځه حوزه,WR
Chawkay,چوکی,AF1509,,Sawkai,,,,Kunar,کنر ها,AF15,Afghanistan,افغانستان,AF,2017-08-23,2018-05-22,,Eastern,ختیځه حوزه,ER
Chemtal,چمتال,AF2108,,,,,,Balkh,بلخ,AF21,Afghanistan,افغانستان,AF,2017-08-23,2018-05-22,,Northern,سهیلی حوزه,NR
Chisht-e-Sharif,چشت شریف,AF3216,,,,,,Hirat,هرات,AF32,Afghanistan,افغانستان,AF,2017-08-23,2018-05-22,,Western,لویدیځه حوزه,WR
Chora,چوره,AF2503,,,,,,Uruzgan,ارزگان,AF25,Afghanistan,افغانستان,AF,2017-08-23,2018-05-22,,Southern,جنوبی حوزه,SR
Dahana-e-Ghori,دهنۀ غوری,AF0902,,,,,,Baghlan,بغلان,AF09,Afghanistan,افغانستان,AF,2017-08-23,2018-05-22,,North Eastern,سهیل ختیځه حوزه,NE
Daman,دامان,AF2703,,,,,,Kandahar,کندهار,AF27,Afghanistan,افغانستان,AF,2017-08-23,2018-05-22,,Southern,جنوبی حوزه,SR
Dand Wa Patan,دند وپټان,AF1311,,,,,,Paktya,پکتیا,AF13,Afghanistan,افغانستان,AF,2017-08-23,2018-05-22,,South Eastern,جنوب ختیځه حوزه,SE
Dangam,دانگام,AF1512,,,,,,Kunar,کنر ها,AF15,Afghanistan,افغانستان,AF,2017-08-23,2018-05-22,,Eastern,ختیځه حوزه,ER
Dara,دره,AF0803,,,,,,Panjsher,پنجشیر,AF08,Afghanistan,افغانستان,AF,2017-08-23,2018-05-22,,Capital,مرکزی حوزه,CR
Dara-e-Nur,دره نور,AF0612,,,,,,Nangarhar,ننگرهار,AF06,Afghanistan,افغانستان,AF,2017-08-23,2018-05-22,,Eastern,ختیځه حوزه,ER
Dara-e-Pech,دره پیچ,AF1507,,,,,,Kunar,کنر ها,AF15,Afghanistan,افغانستان,AF,2017-08-23,2018-05-22,,Eastern,ختیځه حوزه,ER
Dara-e-Suf-e-Bala,درۀ صوف بالا,AF2007,,,,,,Samangan,سمنگان,AF20,Afghanistan,افغانستان,AF,2017-08-23,2018-05-22,,Northern,سهیلی حوزه,NR
Dara-e-Suf-e-Payin,درۀ صوف پائین,AF2006,,,,,,Samangan,سمنگان,AF20,Afghanistan,افغانستان,AF,2017-08-23,2018-05-22,,Northern,سهیلی حوزه,NR
Darayem,درایم,AF1707,,,,,,Badakhshan,بدخشان,AF17,Afghanistan,افغانستان,AF,2017-08-23,2018-05-22,,North Eastern,سهیل ختیځه حوزه,NE
Darqad,درقد,AF1815,,,,,,Takhar,تخار,AF18,Afghanistan,افغانستان,AF,2017-08-23,2018-05-22,,North Eastern,سهیل ختیځه حوزه,NE
Darzab,درز آب,AF2811,,,,,,Jawzjan,جوزجان,AF28,Afghanistan,افغانستان,AF,2017-08-23,2018-05-22,,Northern,سهیلی حوزه,NR
Dasht-e-Archi,دشت ارچی,AF1906,,,,,,Kunduz,کندز,AF19,Afghanistan,افغانستان,AF,2017-08-23,2018-05-22,,North Eastern,سهیل ختیځه حوزه,NE
Dasht-e-Qala,دشت قلعه,AF1812,,,,,,Takhar,تخار,AF18,Afghanistan,افغانستان,AF,2017-08-23,2018-05-22,,North Eastern,سهیل ختیځه حوزه,NE
Dawlat Abad,دولت آباد,AF2109,,,,,,Balkh,بلخ,AF21,Afghanistan,افغانستان,AF,2017-08-23,2018-05-22,,Northern,سهیلی حوزه,NR
Dawlat Abad,دولت آباد,AF2909,,,,,,Faryab,فاریاب,AF29,Afghanistan,افغانستان,AF,2017-08-23,2018-05-22,,Northern,سهیلی حوزه,NR
Dawlatshah,دولت شاه,AF0705,,,,,,Laghman,لغمان,AF07,Afghanistan,افغانستان,AF,2017-08-23,2018-05-22,,Eastern,ختیځه حوزه,ER
Dawlatyar,دولت یار,AF2303,,,,,,Ghor,غور,AF23,Afghanistan,افغانستان,AF,2017-08-23,2018-05-22,,Western,لویدیځه حوزه,WR
Dawraz-e-Bala,دروازبالا ( نیسی),AF1727,,Nusai,,,,Badakhshan,بدخشان,AF17,Afghanistan,افغانستان,AF,2017-08-23,2018-05-22,,North Eastern,سهیل ختیځه حوزه,NE
Dawraz-e-Payin,درواز پائین (ما می ),AF1722,,Mai Mai,Dawraz,,,Badakhshan,بدخشان,AF17,Afghanistan,افغانستان,AF,2017-08-23,2018-05-22,,North Eastern,سهیل ختیځه حوزه,NE
Daychopan,دای چوپان,AF2607,,,,,,Zabul,زابل,AF26,Afghanistan,افغانستان,AF,2017-08-23,2018-05-22,,Southern,جنوبی حوزه,SR
Daymirdad,دایمیرداد,AF0406,,,,,,Maidan Wardak,میدان وردک,AF04,Afghanistan,افغانستان,AF,2017-08-23,2018-05-22,,Capital,مرکزی حوزه,CR
Deh-e-Shu,دیشو,AF3013,,,,,,Hilmand,هلمند,AF30,Afghanistan,افغانستان,AF,2017-08-23,2018-05-22,,Southern,جنوبی حوزه,SR
Deh Bala,ده بالا,AF0610,,Haska Meyna,,,,Nangarhar,ننگرهار,AF06,Afghanistan,افغانستان,AF,2017-08-23,2018-05-22,,Eastern,ختیځه حوزه,ER
Deh Sabz,ده سبز,AF0105,,,,,,Kabul,کابل,AF01,Afghanistan,افغانستان,AF,2017-08-23,2018-05-22,,Capital,مرکزی حوزه,CR
Deh Salah,ده صلاح,AF0908,,,,,,Baghlan,بغلان,AF09,Afghanistan,افغانستان,AF,2017-08-23,2018-05-22,,North Eastern,سهیل ختیځه حوزه,NE
Deh Yak,ده یک,AF1105,,,,,,Ghazni,غزنی,AF11,Afghanistan,افغانستان,AF,2017-08-23,2018-05-22,,South Eastern,جنوب ختیځه حوزه,SE
Dehdadi,دهدادی,AF2103,,,,,,Balkh,بلخ,AF21,Afghanistan,افغانستان,AF,2017-08-23,2018-05-22,,Northern,سهیلی حوزه,NR
Dehrawud,دهراود,AF2502,,,,,,Uruzgan,ارزگان,AF25,Afghanistan,افغانستان,AF,2017-08-23,2018-05-22,,Southern,جنوبی حوزه,SR
Dila,دیله,AF1216,,Dila Wa Khusamand,,,,Paktika,پکتیکا,AF12,Afghanistan,افغانستان,AF,2017-08-23,2018-05-22,,South Eastern,جنوب ختیځه حوزه,SE
DoLayna,دو لینه,AF2302,,,,,,Ghor,غور,AF23,Afghanistan,افغانستان,AF,2017-08-23,2018-05-22,,Western,لویدیځه حوزه,WR
Doshi,دوشی,AF0903,,,,,,Baghlan,بغلان,AF09,Afghanistan,افغانستان,AF,2017-08-23,2018-05-22,,North Eastern,سهیل ختیځه حوزه,NE
Duab,دو آب,AF1605,,,,,,Nuristan,نورستان,AF16,Afghanistan,افغانستان,AF,2017-08-23,2018-05-22,,Eastern,ختیځه حوزه,ER
Dur Baba,دُر بابا,AF0622,,,,,,Nangarhar,ننگرهار,AF06,Afghanistan,افغانستان,AF,2017-08-23,2018-05-22,,Eastern,ختیځه حوزه,ER
Eshkashem,اشکاشم,AF1723,,,,,,Badakhshan,بدخشان,AF17,Afghanistan,افغانستان,AF,2017-08-23,2018-05-22,,North Eastern,سهیل ختیځه حوزه,NE
Eshkmesh,اشکمش,AF1811,,Ishkamish,,,,Takhar,تخار,AF18,Afghanistan,افغانستان,AF,2017-08-23,2018-05-22,,North Eastern,سهیل ختیځه حوزه,NE
Estalef,استالف,AF0113,,,,,,Kabul,کابل,AF01,Afghanistan,افغانستان,AF,2017-08-23,2018-05-22,,Capital,مرکزی حوزه,CR
Farah,فراه,AF3301,,Centre,,,,Farah,فراه,AF33,Afghanistan,افغانستان,AF,2017-08-23,2018-05-22,,Western,لویدیځه حوزه,WR
Farkhar,فرخار,AF1808,,,,,,Takhar,تخار,AF18,Afghanistan,افغانستان,AF,2017-08-23,2018-05-22,,North Eastern,سهیل ختیځه حوزه,NE
Farsi,فرسی,AF3215,,,,,,Hirat,هرات,AF32,Afghanistan,افغانستان,AF,2017-08-23,2018-05-22,,Western,لویدیځه حوزه,WR
Farza,فرزه,AF0112,,,,,,Kabul,کابل,AF01,Afghanistan,افغانستان,AF,2017-08-23,2018-05-22,,Capital,مرکزی حوزه,CR
Fayzabad,فیض آباد,AF1701,,Centre,,,,Badakhshan,بدخشان,AF17,Afghanistan,افغانستان,AF,2017-08-23,2018-05-22,,North Eastern,سهیل ختیځه حوزه,NE
Fayzabad,فیض آباد,AF2808,,,,,,Jawzjan,جوزجان,AF28,Afghanistan,افغانستان,AF,2017-08-23,2018-05-22,,Northern,سهیلی حوزه,NR
Fereng Wa Gharu,فرنگ وغارو,AF0915,,Fereng,,,,Baghlan,بغلان,AF09,Afghanistan,افغانستان,AF,2017-08-23,2018-05-22,,North Eastern,سهیل ختیځه حوزه,NE
Feroz Koh,فیروزکوه,AF2301,,Chagcharan,Centre,,,Ghor,غور,AF23,Afghanistan,افغانستان,AF,2017-08-23,2018-05-22,,Western,لویدیځه حوزه,WR
Feroz Nakhchir,فیروز نخچیر,AF2004,,,,,,Samangan,سمنگان,AF20,Afghanistan,افغانستان,AF,2017-08-23,2018-05-22,,Northern,سهیلی حوزه,NR
Gardez,گردیز,AF1301,,Centre,,,,Paktya,پکتیا,AF13,Afghanistan,افغانستان,AF,2017-08-23,2018-05-22,,South Eastern,جنوب ختیځه حوزه,SE
Garmser,گرم سیر,AF3006,,,,,,Hilmand,هلمند,AF30,Afghanistan,افغانستان,AF,2017-08-23,2018-05-22,,Southern,جنوبی حوزه,SR
Garzewan,گرزیوان,AF2908,,,,,,Faryab,فاریاب,AF29,Afghanistan,افغانستان,AF,2017-08-23,2018-05-22,,Northern,سهیلی حوزه,NR
Gelan,گیلان,AF1117,,,,,,Ghazni,غزنی,AF11,Afghanistan,افغانستان,AF,2017-08-23,2018-05-22,,South Eastern,جنوب ختیځه حوزه,SE
Ghazi Abad,غازی آباد,AF1511,,,,,,Kunar,کنر ها,AF15,Afghanistan,افغانستان,AF,2017-08-23,2018-05-22,,Eastern,ختیځه حوزه,ER
Ghazni,غزنی,AF1101,,Centre,,,,Ghazni,غزنی,AF11,Afghanistan,افغانستان,AF,2017-08-23,2018-05-22,,South Eastern,جنوب ختیځه حوزه,SE
Ghorak,غورک,AF2709,,,,,,Kandahar,کندهار,AF27,Afghanistan,افغانستان,AF,2017-08-23,2018-05-22,,Southern,جنوبی حوزه,SR
Ghorband,غوربند,AF0307,,Syah Gird,,,,Parwan,پروان,AF03,Afghanistan,افغانستان,AF,2017-08-23,2018-05-22,,Capital,مرکزی حوزه,CR
Ghormach,غورماچ,AF3107,,,,,,Badghis,بادغیس,AF31,Afghanistan,افغانستان,AF,2017-08-23,2018-05-22,,Western,لویدیځه حوزه,WR
Ghoryan,غوریان,AF3211,,,,,,Hirat,هرات,AF32,Afghanistan,افغانستان,AF,2017-08-23,2018-05-22,,Western,لویدیځه حوزه,WR
Giro,گیرو,AF1112,,,,,,Ghazni,غزنی,AF11,Afghanistan,افغانستان,AF,2017-08-23,2018-05-22,,South Eastern,جنوب ختیځه حوزه,SE
Giyan,گیان,AF1215,,,,,,Paktika,پکتیکا,AF12,Afghanistan,افغانستان,AF,2017-08-23,2018-05-22,,South Eastern,جنوب ختیځه حوزه,SE
Gizab,گیزاب,AF2409,,Patoo,,,,Daykundi,دایکندی,AF24,Afghanistan,افغانستان,AF,2017-08-23,2018-05-22,,Central Highland,لوړه مرکزی حوزه,CH
Gomal,گومل,AF1208,,,,,,Paktika,پکتیکا,AF12,Afghanistan,افغانستان,AF,2017-08-23,2018-05-22,,South Eastern,جنوب ختیځه حوزه,SE
Gosfandi,گوسفندی,AF2206,,,,,,Sar-e-Pul,سرپل,AF22,Afghanistan,افغانستان,AF,2017-08-23,2018-05-22,,Northern,سهیلی حوزه,NR
Goshta,گوشته,AF0614,,,,,,Nangarhar,ننگرهار,AF06,Afghanistan,افغانستان,AF,2017-08-23,2018-05-22,,Eastern,ختیځه حوزه,ER
Guldara,گلدره,AF0111,,,,,,Kabul,کابل,AF01,Afghanistan,افغانستان,AF,2017-08-23,2018-05-22,,Capital,مرکزی حوزه,CR
Gulistan,گلستان,AF3310,,,,,,Farah,فراه,AF33,Afghanistan,افغانستان,AF,2017-08-23,2018-05-22,,Western,لویدیځه حوزه,WR
Gulran,گلران,AF3208,,,,,,Hirat,هرات,AF32,Afghanistan,افغانستان,AF,2017-08-23,2018-05-22,,Western,لویدیځه حوزه,WR
Gurbuz,گربز,AF1403,,,,,,Khost,خوست,AF14,Afghanistan,افغانستان,AF,2017-08-23,2018-05-22,,South Eastern,جنوب ختیځه حوزه,SE
Guzara,گذره,AF3203,,Nizam-i-Shahid,,,,Hirat,هرات,AF32,Afghanistan,افغانستان,AF,2017-08-23,2018-05-22,,Western,لویدیځه حوزه,WR
Guzargah-e-Nur,گذرگاه نور,AF0914,,,,,,Baghlan,بغلان,AF09,Afghanistan,افغانستان,AF,2017-08-23,2018-05-22,,North Eastern,سهیل ختیځه حوزه,NE
Hazar Sumuch,هزار سموچ,AF1802,,,,,,Takhar,تخار,AF18,Afghanistan,افغانستان,AF,2017-08-23,2018-05-22,,North Eastern,سهیل ختیځه حوزه,NE
Hazrat-e-Sultan,حضرت سلطان,AF2002,,,,,,Samangan,سمنگان,AF20,Afghanistan,افغانستان,AF,2017-08-23,2018-05-22,,Northern,سهیلی حوزه,NR
Hesa-e-Awal-e-Behsud,حصه اول بهسود,AF0407,,,,,,Maidan Wardak,میدان وردک,AF04,Afghanistan,افغانستان,AF,2017-08-23,2018-05-22,,Capital,مرکزی حوزه,CR
Hesarak,حصارک,AF0621,,,,,,Nangarhar,ننگرهار,AF06,Afghanistan,افغانستان,AF,2017-08-23,2018-05-22,,Eastern,ختیځه حوزه,ER
Hirat,هرات,AF3201,,Centre,,,,Hirat,هرات,AF32,Afghanistan,افغانستان,AF,2017-08-23,2018-05-22,,Western,لویدیځه حوزه,WR
Hisa-e-Awal-e-Kohistan,حصه اول کوهستان,AF0204,,,,,,Kapisa,کاپیسا,AF02,Afghanistan,افغانستان,AF,2017-08-23,2018-05-22,,Capital,مرکزی حوزه,CR
Hisa-e-Duwum-e-Kohistan,حصه دوم کوهستان,AF0202,,,,,,Kapisa,کاپیسا,AF02,Afghanistan,افغانستان,AF,2017-08-23,2018-05-22,,Capital,مرکزی حوزه,CR
Imam Sahib,امام صاحب,AF1905,,Hazrati Imam Sahib,Kalbad,,,Kunduz,کندز,AF19,Afghanistan,افغانستان,AF,2017-08-23,2018-05-22,,North Eastern,سهیل ختیځه حوزه,NE
Injil,انجیل,AF3202,,,,,,Hirat,هرات,AF32,Afghanistan,افغانستان,AF,2017-08-23,2018-05-22,,Western,لویدیځه حوزه,WR
Jabal Saraj,جبل السراج,AF0305,,,,,,Parwan,پروان,AF03,Afghanistan,افغانستان,AF,2017-08-23,2018-05-22,,Capital,مرکزی حوزه,CR
Jaghatu,جغتو,AF0408,,,,,,Maidan Wardak,میدان وردک,AF04,Afghanistan,افغانستان,AF,2017-08-23,2018-05-22,,Capital,مرکزی حوزه,CR
Jaghatu,جغتو,AF1106,,Bahrami Shahid,,,,Ghazni,غزنی,AF11,Afghanistan,افغانستان,AF,2017-08-23,2018-05-22,,South Eastern,جنوب ختیځه حوزه,SE
Jaghuri,جاغوری,AF1114,,,,,,Ghazni,غزنی,AF11,Afghanistan,افغانستان,AF,2017-08-23,2018-05-22,,South Eastern,جنوب ختیځه حوزه,SE
Jaji,علی خیل,AF1307,,Alikhel,Aryob,,,Paktya,پکتیا,AF13,Afghanistan,افغانستان,AF,2017-08-23,2018-05-22,,South Eastern,جنوب ختیځه حوزه,SE
Jaji Maydan,جاجی میدان,AF1413,,,,,,Khost,خوست,AF14,Afghanistan,افغانستان,AF,2017-08-23,2018-05-22,,South Eastern,جنوب ختیځه حوزه,SE
Jalalabad,جلال آباد,AF0601,,Centre,,,,Nangarhar,ننگرهار,AF06,Afghanistan,افغانستان,AF,2017-08-23,2018-05-22,,Eastern,ختیځه حوزه,ER
Jalrez,جلریز,AF0403,,,,,,Maidan Wardak,میدان وردک,AF04,Afghanistan,افغانستان,AF,2017-08-23,2018-05-22,,Capital,مرکزی حوزه,CR
Jani Khel,جانی خیل,AF1209,,,,,,Paktika,پکتیکا,AF12,Afghanistan,افغانستان,AF,2017-08-23,2018-05-22,,South Eastern,جنوب ختیځه حوزه,SE
Jani Khel,جانی خیل,AF1309,,Mangal,,,,Paktya,پکتیا,AF13,Afghanistan,افغانستان,AF,2017-08-23,2018-05-22,,South Eastern,جنوب ختیځه حوزه,SE
Jawand,جوند,AF3106,,,,,,Badghis,بادغیس,AF31,Afghanistan,افغانستان,AF,2017-08-23,2018-05-22,,Western,لویدیځه حوزه,WR
Jorm,جرم,AF1710,,,,,,Badakhshan,بدخشان,AF17,Afghanistan,افغانستان,AF,2017-08-23,2018-05-22,,North Eastern,سهیل ختیځه حوزه,NE
Kabul,کابل,AF0101,,,,,,Kabul,کابل,AF01,Afghanistan,افغانستان,AF,2017-08-23,2018-05-22,,Capital,مرکزی حوزه,CR
Kahmard,کهمرد,AF1004,,,,,,Bamyan,بامیان,AF10,Afghanistan,افغانستان,AF,2017-08-23,2018-05-22,,Central Highland,لوړه مرکزی حوزه,CH
Kajaki,کجکی,AF3010,,,,,,Hilmand,هلمند,AF30,Afghanistan,افغانستان,AF,2017-08-23,2018-05-22,,Southern,جنوبی حوزه,SR
Kajran,کجران,AF2408,,,,,,Daykundi,دایکندی,AF24,Afghanistan,افغانستان,AF,2017-08-23,2018-05-22,,Central Highland,لوړه مرکزی حوزه,CH
Kakar,کاکړ,AF2611,,Khak-e-Afghan,,,,Zabul,زابل,AF26,Afghanistan,افغانستان,AF,2017-08-23,2018-05-22,,Southern,جنوبی حوزه,SR
Kalafgan,کلفگان,AF1807,,,,,,Takhar,تخار,AF18,Afghanistan,افغانستان,AF,2017-08-23,2018-05-22,,North Eastern,سهیل ختیځه حوزه,NE
Kalakan,کلکان,AF0110,,,,,,Kabul,کابل,AF01,Afghanistan,افغانستان,AF,2017-08-23,2018-05-22,,Capital,مرکزی حوزه,CR
Kaldar,کلدار,AF2113,,,,,,Balkh,بلخ,AF21,Afghanistan,افغانستان,AF,2017-08-23,2018-05-22,,Northern,سهیلی حوزه,NR
Kama,کامه,AF0605,,,,,,Nangarhar,ننگرهار,AF06,Afghanistan,افغانستان,AF,2017-08-23,2018-05-22,,Eastern,ختیځه حوزه,ER
Kamdesh,کامدیش,AF1606,,,,,,Nuristan,نورستان,AF16,Afghanistan,افغانستان,AF,2017-08-23,2018-05-22,,Eastern,ختیځه حوزه,ER
Kandahar,کندهار,AF2701,,Centre,,,,Kandahar,کندهار,AF27,Afghanistan,افغانستان,AF,2017-08-23,2018-05-22,,Southern,جنوبی حوزه,SR
Kang,کنگ,AF3402,,,,,,Nimroz,نیمروز,AF34,Afghanistan,افغانستان,AF,2017-08-23,2018-05-22,,Southern,جنوبی حوزه,SR
Karukh,کرُخ,AF3204,,,,,,Hirat,هرات,AF32,Afghanistan,افغانستان,AF,2017-08-23,2018-05-22,,Western,لویدیځه حوزه,WR
Keshem,کشم,AF1715,,,,,,Badakhshan,بدخشان,AF17,Afghanistan,افغانستان,AF,2017-08-23,2018-05-22,,North Eastern,سهیل ختیځه حوزه,NE
Keshendeh,کشنده,AF2114,,,,,,Balkh,بلخ,AF21,Afghanistan,افغانستان,AF,2017-08-23,2018-05-22,,Northern,سهیلی حوزه,NR
Khadir,خدیر,AF2404,,,,,,Daykundi,دایکندی,AF24,Afghanistan,افغانستان,AF,2017-08-23,2018-05-22,,Central Highland,لوړه مرکزی حوزه,CH
Khak-e-Jabbar,خاک جبار,AF0109,,,,,,Kabul,کابل,AF01,Afghanistan,افغانستان,AF,2017-08-23,2018-05-22,,Capital,مرکزی حوزه,CR
Khak-e-Safed,خاک سفید,AF3303,,,,,,Farah,فراه,AF33,Afghanistan,افغانستان,AF,2017-08-23,2018-05-22,,Western,لویدیځه حوزه,WR
Khakrez,خاکریز,AF2707,,,,,,Kandahar,کندهار,AF27,Afghanistan,افغانستان,AF,2017-08-23,2018-05-22,,Southern,جنوبی حوزه,SR
Khamyab,خمیاب,AF2806,,Kham Ab,,,,Jawzjan,جوزجان,AF28,Afghanistan,افغانستان,AF,2017-08-23,2018-05-22,,Northern,سهیلی حوزه,NR
Khan-e-Char Bagh,خان چارباغ,AF2914,,,,,,Faryab,فاریاب,AF29,Afghanistan,افغانستان,AF,2017-08-23,2018-05-22,,Northern,سهیلی حوزه,NR
Khan Abad,خان آباد,AF1904,,,,,,Kunduz,کندز,AF19,Afghanistan,افغانستان,AF,2017-08-23,2018-05-22,,North Eastern,سهیل ختیځه حوزه,NE
Khanaqa,خانقا,AF2803,,,,,,Jawzjan,جوزجان,AF28,Afghanistan,افغانستان,AF,2017-08-23,2018-05-22,,Northern,سهیلی حوزه,NR
Kharwar,خروار,AF0506,,,,,,Logar,لوگر,AF05,Afghanistan,افغانستان,AF,2017-08-23,2018-05-22,,Capital,مرکزی حوزه,CR
Khas Kunar,خاص کنر,AF1510,,,,,,Kunar,کنر ها,AF15,Afghanistan,افغانستان,AF,2017-08-23,2018-05-22,,Eastern,ختیځه حوزه,ER
Khas Uruzgan,خاص ارزگان,AF2505,,,,,,Uruzgan,ارزگان,AF25,Afghanistan,افغانستان,AF,2017-08-23,2018-05-22,,Southern,جنوبی حوزه,SR
Khash,خاش,AF1705,,,,,,Badakhshan,بدخشان,AF17,Afghanistan,افغانستان,AF,2017-08-23,2018-05-22,,North Eastern,سهیل ختیځه حوزه,NE
Khashrod,خاش رود,AF3405,,,,,,Nimroz,نیمروز,AF34,Afghanistan,افغانستان,AF,2017-08-23,2018-05-22,,Southern,جنوبی حوزه,SR
Khenj,خنج (حصه اول),AF0804,,Hisa-e-Awal,,,,Panjsher,پنجشیر,AF08,Afghanistan,افغانستان,AF,2017-08-23,2018-05-22,,Capital,مرکزی حوزه,CR
Khinjan,خنجان,AF0906,,,,,,Baghlan,بغلان,AF09,Afghanistan,افغانستان,AF,2017-08-23,2018-05-22,,North Eastern,سهیل ختیځه حوزه,NE
Khogyani,خوگیانی,AF0608,,,,,,Nangarhar,ننگرهار,AF06,Afghanistan,افغانستان,AF,2017-08-23,2018-05-22,,Eastern,ختیځه حوزه,ER
Khoshi,خوشی,AF0504,,,,,,Logar,لوگر,AF05,Afghanistan,افغانستان,AF,2017-08-23,2018-05-22,,Capital,مرکزی حوزه,CR
Khost Wa Fereng,خوست و فرنگ,AF0913,,Khost,,,,Baghlan,بغلان,AF09,Afghanistan,افغانستان,AF,2017-08-23,2018-05-22,,North Eastern,سهیل ختیځه حوزه,NE
Khulm,خلم,AF2110,,,,,,Balkh,بلخ,AF21,Afghanistan,افغانستان,AF,2017-08-23,2018-05-22,,Northern,سهیلی حوزه,NR
Khuram Wa Sarbagh,خرم وسارباغ,AF2003,,,,,,Samangan,سمنگان,AF20,Afghanistan,افغانستان,AF,2017-08-23,2018-05-22,,Northern,سهیلی حوزه,NR
Khwahan,خواهان,AF1720,,,,,,Badakhshan,بدخشان,AF17,Afghanistan,افغانستان,AF,2017-08-23,2018-05-22,,North Eastern,سهیل ختیځه حوزه,NE
Khwaja Bahawuddin,خواجه بهاوالدین,AF1814,,,,,,Takhar,تخار,AF18,Afghanistan,افغانستان,AF,2017-08-23,2018-05-22,,North Eastern,سهیل ختیځه حوزه,NE
Khwaja Dukoh,خواجه دوکوه,AF2802,,,,,,Jawzjan,جوزجان,AF28,Afghanistan,افغانستان,AF,2017-08-23,2018-05-22,,Northern,سهیلی حوزه,NR
Khwaja Ghar,خواجه غار,AF1809,,,,,,Takhar,تخار,AF18,Afghanistan,افغانستان,AF,2017-08-23,2018-05-22,,North Eastern,سهیل ختیځه حوزه,NE
Khwaja Hejran,خواجه هجران,AF0909,,Jalga,Jalga Nahrin,,,Baghlan,بغلان,AF09,Afghanistan,افغانستان,AF,2017-08-23,2018-05-22,,North Eastern,سهیل ختیځه حوزه,NE
Khwaja Sabz Posh,خواجه سبزپوش,AF2903,,Khwaja Sabz Posh-i-Wali,,,,Faryab,فاریاب,AF29,Afghanistan,افغانستان,AF,2017-08-23,2018-05-22,,Northern,سهیلی حوزه,NR
Khwaja Umari,خواجه عمری,AF1103,,,,,,Ghazni,غزنی,AF11,Afghanistan,افغانستان,AF,2017-08-23,2018-05-22,,South Eastern,جنوب ختیځه حوزه,SE
Kiti,کیتی,AF2405,,,,,,Daykundi,دایکندی,AF24,Afghanistan,افغانستان,AF,2017-08-23,2018-05-22,,Central Highland,لوړه مرکزی حوزه,CH
Kofab,کوف آب,AF1721,,,,,,Badakhshan,بدخشان,AF17,Afghanistan,افغانستان,AF,2017-08-23,2018-05-22,,North Eastern,سهیل ختیځه حوزه,NE
Koh-e-Safi,کوه صافی,AF0308,,,,,,Parwan,پروان,AF03,Afghanistan,افغانستان,AF,2017-08-23,2018-05-22,,Capital,مرکزی حوزه,CR
Koh Band,کوه بند,AF0203,,,,,,Kapisa,کاپیسا,AF02,Afghanistan,افغانستان,AF,2017-08-23,2018-05-22,,Capital,مرکزی حوزه,CR
Kohestanat,کوهستانات,AF2203,,,,,,Sar-e-Pul,سرپل,AF22,Afghanistan,افغانستان,AF,2017-08-23,2018-05-22,,Northern,سهیلی حوزه,NR
Kohistan,کوهستان,AF1708,,,,,,Badakhshan,بدخشان,AF17,Afghanistan,افغانستان,AF,2017-08-23,2018-05-22,,North Eastern,سهیل ختیځه حوزه,NE
Kohistan,کوهستان,AF2910,,,,,,Faryab,فاریاب,AF29,Afghanistan,افغانستان,AF,2017-08-23,2018-05-22,,Northern,سهیلی حوزه,NR
Kohsan,کوهسان,AF3213,,,,,,Hirat,هرات,AF32,Afghanistan,افغانستان,AF,2017-08-23,2018-05-22,,Western,لویدیځه حوزه,WR
Koran Wa Monjan,کران ومنجان,AF1726,,,,,,Badakhshan,بدخشان,AF17,Afghanistan,افغانستان,AF,2017-08-23,2018-05-22,,North Eastern,سهیل ختیځه حوزه,NE
Kot,کوټ,AF0613,,,,,,Nangarhar,ننگرهار,AF06,Afghanistan,افغانستان,AF,2017-08-23,2018-05-22,,Eastern,ختیځه حوزه,ER
Kunduz,کندز,AF1901,,Centre,,,,Kunduz,کندز,AF19,Afghanistan,افغانستان,AF,2017-08-23,2018-05-22,,North Eastern,سهیل ختیځه حوزه,NE
Kushk,کُشک,AF3207,,Rubat-i-Sangi,,,,Hirat,هرات,AF32,Afghanistan,افغانستان,AF,2017-08-23,2018-05-22,,Western,لویدیځه حوزه,WR
Kushk-e-Kuhna,کُشک کهنه,AF3210,,,,,,Hirat,هرات,AF32,Afghanistan,افغانستان,AF,2017-08-23,2018-05-22,,Western,لویدیځه حوزه,WR
Kuz Kunar,کوز کنر,AF0606,,Khewa,,,,Nangarhar,ننگرهار,AF06,Afghanistan,افغانستان,AF,2017-08-23,2018-05-22,,Eastern,ختیځه حوزه,ER
Lal Wa Sarjangal,لعل و سرجنگل,AF2307,,,,,,Ghor,غور,AF23,Afghanistan,افغانستان,AF,2017-08-23,2018-05-22,,Western,لویدیځه حوزه,WR
Lalpur,لعل پور,AF0618,,,,,,Nangarhar,ننگرهار,AF06,Afghanistan,افغانستان,AF,2017-08-23,2018-05-22,,Eastern,ختیځه حوزه,ER
Lash-e-Juwayn,لاش جوین,AF3309,,,,,,Farah,فراه,AF33,Afghanistan,افغانستان,AF,2017-08-23,2018-05-22,,Western,لویدیځه حوزه,WR
Lashkargah,لشکرگاه,AF3001,,Centre,,,,Hilmand,هلمند,AF30,Afghanistan,افغانستان,AF,2017-08-23,2018-05-22,,Southern,جنوبی حوزه,SR
Lija Ahmad Khel,لجه احمد خیل,AF1308,,,,,,Paktya,پکتیا,AF13,Afghanistan,افغانستان,AF,2017-08-23,2018-05-22,,South Eastern,جنوب ختیځه حوزه,SE
Mahmood-e-Raqi,محمود راقی,AF0201,,Centre,,,,Kapisa,کاپیسا,AF02,Afghanistan,افغانستان,AF,2017-08-23,2018-05-22,,Capital,مرکزی حوزه,CR
Malistan,مالستان,AF1116,,,,,,Ghazni,غزنی,AF11,Afghanistan,افغانستان,AF,2017-08-23,2018-05-22,,South Eastern,جنوب ختیځه حوزه,SE
Mandol,مندول,AF1607,,,,,,Nuristan,نورستان,AF16,Afghanistan,افغانستان,AF,2017-08-23,2018-05-22,,Eastern,ختیځه حوزه,ER
Mandozayi,مندوزائی,AF1402,,Ishmail Khail,,,,Khost,خوست,AF14,Afghanistan,افغانستان,AF,2017-08-23,2018-05-22,,South Eastern,جنوب ختیځه حوزه,SE
Marawara,مروره,AF1502,,,,,,Kunar,کنر ها,AF15,Afghanistan,افغانستان,AF,2017-08-23,2018-05-22,,Eastern,ختیځه حوزه,ER
Mardyan,مردیان,AF2809,,,,,,Jawzjan,جوزجان,AF28,Afghanistan,افغانستان,AF,2017-08-23,2018-05-22,,Northern,سهیلی حوزه,NR
Markaz-e-Behsud,مدکز بهسود,AF0409,,,,,,Maidan Wardak,میدان وردک,AF04,Afghanistan,افغانستان,AF,2017-08-23,2018-05-22,,Capital,مرکزی حوزه,CR
Marmul,مارمُل,AF2105,,,,,,Balkh,بلخ,AF21,Afghanistan,افغانستان,AF,2017-08-23,2018-05-22,,Northern,سهیلی حوزه,NR
Maruf,معروف,AF2715,,,,,,Kandahar,کندهار,AF27,Afghanistan,افغانستان,AF,2017-08-23,2018-05-22,,Southern,جنوبی حوزه,SR
Mata Khan,متاخان,AF1202,,,,,,Paktika,پکتیکا,AF12,Afghanistan,افغانستان,AF,2017-08-23,2018-05-22,,South Eastern,جنوب ختیځه حوزه,SE
Matun,خوست (متون),AF1401,,Khost,Centre,,,Khost,خوست,AF14,Afghanistan,افغانستان,AF,2017-08-23,2018-05-22,,South Eastern,جنوب ختیځه حوزه,SE
Maydan Shahr,میدان شهر,AF0401,,Centre,,,,Maidan Wardak,میدان وردک,AF04,Afghanistan,افغانستان,AF,2017-08-23,2018-05-22,,Capital,مرکزی حوزه,CR
Maymana,میمنه,AF2901,,Centre,,,,Faryab,فاریاب,AF29,Afghanistan,افغانستان,AF,2017-08-23,2018-05-22,,Northern,سهیلی حوزه,NR
Maywand,میوند,AF2710,,,,,,Kandahar,کندهار,AF27,Afghanistan,افغانستان,AF,2017-08-23,2018-05-22,,Southern,جنوبی حوزه,SR
Mazar-e-Sharif,مزار شریف,AF2101,,Mazar,Centre,,,Balkh,بلخ,AF21,Afghanistan,افغانستان,AF,2017-08-23,2018-05-22,,Northern,سهیلی حوزه,NR
Mehtarlam,مهتر لام,AF0701,,Laghman Centre,Centre,,,Laghman,لغمان,AF07,Afghanistan,افغانستان,AF,2017-08-23,2018-05-22,,Eastern,ختیځه حوزه,ER
Mingajik,منگجک,AF2804,,Farary,,,,Jawzjan,جوزجان,AF28,Afghanistan,افغانستان,AF,2017-08-23,2018-05-22,,Northern,سهیلی حوزه,NR
Mir Bacha Kot,میر بچه کوت,AF0108,,,,,,Kabul,کابل,AF01,Afghanistan,افغانستان,AF,2017-08-23,2018-05-22,,Capital,مرکزی حوزه,CR
Miramor,میرامور,AF2406,,,,,,Daykundi,دایکندی,AF24,Afghanistan,افغانستان,AF,2017-08-23,2018-05-22,,Central Highland,لوړه مرکزی حوزه,CH
Miyanshin,میانشین,AF2713,,,,,,Kandahar,کندهار,AF27,Afghanistan,افغانستان,AF,2017-08-23,2018-05-22,,Southern,جنوبی حوزه,SR
Mizan,میزان,AF2604,,,,,,Zabul,زابل,AF26,Afghanistan,افغانستان,AF,2017-08-23,2018-05-22,,Southern,جنوبی حوزه,SR
Mohammad Agha,محمدآغه,AF0505,,,,,,Logar,لوگر,AF05,Afghanistan,افغانستان,AF,2017-08-23,2018-05-22,,Capital,مرکزی حوزه,CR
Muhmand Dara,مهمند دره,AF0617,,,,,,Nangarhar,ننگرهار,AF06,Afghanistan,افغانستان,AF,2017-08-23,2018-05-22,,Eastern,ختیځه حوزه,ER
Muqur,مقر,AF1115,,,,,,Ghazni,غزنی,AF11,Afghanistan,افغانستان,AF,2017-08-23,2018-05-22,,South Eastern,جنوب ختیځه حوزه,SE
Muqur,مقر,AF3103,,,,,,Badghis,بادغیس,AF31,Afghanistan,افغانستان,AF,2017-08-23,2018-05-22,,Western,لویدیځه حوزه,WR
Musa Khel,موسی خیل,AF1405,,,,,,Khost,خوست,AF14,Afghanistan,افغانستان,AF,2017-08-23,2018-05-22,,South Eastern,جنوب ختیځه حوزه,SE
Musa Qala,موسی قلعه,AF3009,,,,,,Hilmand,هلمند,AF30,Afghanistan,افغانستان,AF,2017-08-23,2018-05-22,,Southern,جنوبی حوزه,SR
Musahi,موسهی,AF0107,,,,,,Kabul,کابل,AF01,Afghanistan,افغانستان,AF,2017-08-23,2018-05-22,,Capital,مرکزی حوزه,CR
Nad-e-Ali,نادعلی,AF3002,,,,,,Hilmand,هلمند,AF30,Afghanistan,افغانستان,AF,2017-08-23,2018-05-22,,Southern,جنوبی حوزه,SR
Nadir Shah Kot,نادرشاه کوت,AF1406,,,,,,Khost,خوست,AF14,Afghanistan,افغانستان,AF,2017-08-23,2018-05-22,,South Eastern,جنوب ختیځه حوزه,SE
Nahr-e-Saraj,نهر سراج,AF3004,,Grishk,,,,Hilmand,هلمند,AF30,Afghanistan,افغانستان,AF,2017-08-23,2018-05-22,,Southern,جنوبی حوزه,SR
Nahr-e-Shahi,نهر شاهی,AF2102,,,,,,Balkh,بلخ,AF21,Afghanistan,افغانستان,AF,2017-08-23,2018-05-22,,Northern,سهیلی حوزه,NR
Nahrin,نهرین,AF0904,,,,,,Baghlan,بغلان,AF09,Afghanistan,افغانستان,AF,2017-08-23,2018-05-22,,North Eastern,سهیل ختیځه حوزه,NE
Namak Ab,نمک آب,AF1806,,,,,,Takhar,تخار,AF18,Afghanistan,افغانستان,AF,2017-08-23,2018-05-22,,North Eastern,سهیل ختیځه حوزه,NE
Narang,نرنگ,AF1504,,,,,,Kunar,کنر ها,AF15,Afghanistan,افغانستان,AF,2017-08-23,2018-05-22,,Eastern,ختیځه حوزه,ER
Nari,ناړی,AF1515,,,,,,Kunar,کنر ها,AF15,Afghanistan,افغانستان,AF,2017-08-23,2018-05-22,,Eastern,ختیځه حوزه,ER
Nawa,ناوه,AF1119,,,,,,Ghazni,غزنی,AF11,Afghanistan,افغانستان,AF,2017-08-23,2018-05-22,,South Eastern,جنوب ختیځه حوزه,SE
Nawa-e-Barakzaiy,ناوه بارکزائی,AF3003,,,,,,Hilmand,هلمند,AF30,Afghanistan,افغانستان,AF,2017-08-23,2018-05-22,,Southern,جنوبی حوزه,SR
Nawbahar,نوبهار,AF2609,,,,,,Zabul,زابل,AF26,Afghanistan,افغانستان,AF,2017-08-23,2018-05-22,,Southern,جنوبی حوزه,SR
Nawur,ناور,AF1110,,,,,,Ghazni,غزنی,AF11,Afghanistan,افغانستان,AF,2017-08-23,2018-05-22,,South Eastern,جنوب ختیځه حوزه,SE
Nawzad,نوزاد,AF3007,,,,,,Hilmand,هلمند,AF30,Afghanistan,افغانستان,AF,2017-08-23,2018-05-22,,Southern,جنوبی حوزه,SR
Nazyan,نازیان,AF0620,,,,,,Nangarhar,ننگرهار,AF06,Afghanistan,افغانستان,AF,2017-08-23,2018-05-22,,Eastern,ختیځه حوزه,ER
Nerkh,نرخ,AF0402,,,,,,Maidan Wardak,میدان وردک,AF04,Afghanistan,افغانستان,AF,2017-08-23,2018-05-22,,Capital,مرکزی حوزه,CR
Nesh,نیش,AF2712,,,,,,Kandahar,کندهار,AF27,Afghanistan,افغانستان,AF,2017-08-23,2018-05-22,,Southern,جنوبی حوزه,SR
Nijrab,نجراب,AF0205,,,,,,Kapisa,کاپیسا,AF02,Afghanistan,افغانستان,AF,2017-08-23,2018-05-22,,Capital,مرکزی حوزه,CR
Nika,نیکه,AF1213,,Neka,Naka,,,Paktika,پکتیکا,AF12,Afghanistan,افغانستان,AF,2017-08-23,2018-05-22,,South Eastern,جنوب ختیځه حوزه,SE
Nili,نیلی,AF2401,,Centre,,,,Daykundi,دایکندی,AF24,Afghanistan,افغانستان,AF,2017-08-23,2018-05-22,,Central Highland,لوړه مرکزی حوزه,CH
Nurgal,نورگل,AF1514,,,,,,Kunar,کنر ها,AF15,Afghanistan,افغانستان,AF,2017-08-23,2018-05-22,,Eastern,ختیځه حوزه,ER
Nurgaram,نورگرام,AF1604,,,,,,Nuristan,نورستان,AF16,Afghanistan,افغانستان,AF,2017-08-23,2018-05-22,,Eastern,ختیځه حوزه,ER
Obe,اوبی,AF3212,,Obi,,,,Hirat,هرات,AF32,Afghanistan,افغانستان,AF,2017-08-23,2018-05-22,,Western,لویدیځه حوزه,WR
Omna,اومنه,AF1206,,,,,,Paktika,پکتیکا,AF12,Afghanistan,افغانستان,AF,2017-08-23,2018-05-22,,South Eastern,جنوب ختیځه حوزه,SE
Pachir Wa Agam,پچیراگام,AF0611,,,,,,Nangarhar,ننگرهار,AF06,Afghanistan,افغانستان,AF,2017-08-23,2018-05-22,,Eastern,ختیځه حوزه,ER
Paghman,پغمان,AF0102,,,,,,Kabul,کابل,AF01,Afghanistan,افغانستان,AF,2017-08-23,2018-05-22,,Capital,مرکزی حوزه,CR
Panjab,پنجاب,AF1006,,,,,,Bamyan,بامیان,AF10,Afghanistan,افغانستان,AF,2017-08-23,2018-05-22,,Central Highland,لوړه مرکزی حوزه,CH
Panjwayi,پنجوائی,AF2704,,,,,,Kandahar,کندهار,AF27,Afghanistan,افغانستان,AF,2017-08-23,2018-05-22,,Southern,جنوبی حوزه,SR
Parun,پرونس,AF1601,,Centre,,,,Nuristan,نورستان,AF16,Afghanistan,افغانستان,AF,2017-08-23,2018-05-22,,Eastern,ختیځه حوزه,ER
Paryan,پریان,AF0807,,,,,,Panjsher,پنجشیر,AF08,Afghanistan,افغانستان,AF,2017-08-23,2018-05-22,,Capital,مرکزی حوزه,CR
Pasaband,پسابند,AF2305,,,,,,Ghor,غور,AF23,Afghanistan,افغانستان,AF,2017-08-23,2018-05-22,,Western,لویدیځه حوزه,WR
Pashtun Kot,پشتون کوټ,AF2902,,,,,,Faryab,فاریاب,AF29,Afghanistan,افغانستان,AF,2017-08-23,2018-05-22,,Northern,سهیلی حوزه,NR
Pashtun Zarghun,پشتون زرغون,AF3206,,,,,,Hirat,هرات,AF32,Afghanistan,افغانستان,AF,2017-08-23,2018-05-22,,Western,لویدیځه حوزه,WR
Pul-e-Alam,پل علم,AF0501,,Centre,,,,Logar,لوگر,AF05,Afghanistan,افغانستان,AF,2017-08-23,2018-05-22,,Capital,مرکزی حوزه,CR
Pul-e-Hisar,پل حصار,AF0912,,,,,,Baghlan,بغلان,AF09,Afghanistan,افغانستان,AF,2017-08-23,2018-05-22,,North Eastern,سهیل ختیځه حوزه,NE
Pul-e-Khumri,پلخمری,AF0901,,Centre,,,,Baghlan,بغلان,AF09,Afghanistan,افغانستان,AF,2017-08-23,2018-05-22,,North Eastern,سهیل ختیځه حوزه,NE
Pur Chaman,پُرچمن,AF3311,,,,,,Farah,فراه,AF33,Afghanistan,افغانستان,AF,2017-08-23,2018-05-22,,Western,لویدیځه حوزه,WR
Pushtrod,پشترود,AF3302,,,,,,Farah,فراه,AF33,Afghanistan,افغانستان,AF,2017-08-23,2018-05-22,,Western,لویدیځه حوزه,WR
Qadis,قادیس,AF3104,,,,,,Badghis,بادغیس,AF31,Afghanistan,افغانستان,AF,2017-08-23,2018-05-22,,Western,لویدیځه حوزه,WR
Qala-e-Kah,قلعه کاه,AF3304,,,,,,Farah,فراه,AF33,Afghanistan,افغانستان,AF,2017-08-23,2018-05-22,,Western,لویدیځه حوزه,WR
Qala-e-Naw,قلعه نو,AF3101,,Centre,,,,Badghis,بادغیس,AF31,Afghanistan,افغانستان,AF,2017-08-23,2018-05-22,,Western,لویدیځه حوزه,WR
Qala-e-Zal,قلعه ذال,AF1907,,Qalai Zal,,,,Kunduz,کندز,AF19,Afghanistan,افغانستان,AF,2017-08-23,2018-05-22,,North Eastern,سهیل ختیځه حوزه,NE
Qalandar,قلندر,AF1410,,,,,,Khost,خوست,AF14,Afghanistan,افغانستان,AF,2017-08-23,2018-05-22,,South Eastern,جنوب ختیځه حوزه,SE
Qalat,قلات,AF2601,,Centre,,,,Zabul,زابل,AF26,Afghanistan,افغانستان,AF,2017-08-23,2018-05-22,,Southern,جنوبی حوزه,SR
Qara Bagh,قره باغ,AF0114,,,,,,Kabul,کابل,AF01,Afghanistan,افغانستان,AF,2017-08-23,2018-05-22,,Capital,مرکزی حوزه,CR
Qara Bagh,قره باغ,AF1111,,,,,,Ghazni,غزنی,AF11,Afghanistan,افغانستان,AF,2017-08-23,2018-05-22,,South Eastern,جنوب ختیځه حوزه,SE
Qaram Qul,قرم قل,AF2911,,,,,,Faryab,فاریاب,AF29,Afghanistan,افغانستان,AF,2017-08-23,2018-05-22,,Northern,سهیلی حوزه,NR
Qarghayi,قرغه ئی,AF0702,,,,,,Laghman,لغمان,AF07,Afghanistan,افغانستان,AF,2017-08-23,2018-05-22,,Eastern,ختیځه حوزه,ER
Qarqin,قرقین,AF2810,,,,,,Jawzjan,جوزجان,AF28,Afghanistan,افغانستان,AF,2017-08-23,2018-05-22,,Northern,سهیلی حوزه,NR
Qaysar,قیصار,AF2907,,,,,,Faryab,فاریاب,AF29,Afghanistan,افغانستان,AF,2017-08-23,2018-05-22,,Northern,سهیلی حوزه,NR
Qurghan,قرغان,AF2912,,,,,,Faryab,فاریاب,AF29,Afghanistan,افغانستان,AF,2017-08-23,2018-05-22,,Northern,سهیلی حوزه,NR
Qush Tepa,قوش تیپه,AF2805,,,,,,Jawzjan,جوزجان,AF28,Afghanistan,افغانستان,AF,2017-08-23,2018-05-22,,Northern,سهیلی حوزه,NR
Raghestan,راغستان,AF1714,,,,,,Badakhshan,بدخشان,AF17,Afghanistan,افغانستان,AF,2017-08-23,2018-05-22,,North Eastern,سهیل ختیځه حوزه,NE
Rashidan,رشیدان,AF1109,,,,,,Ghazni,غزنی,AF11,Afghanistan,افغانستان,AF,2017-08-23,2018-05-22,,South Eastern,جنوب ختیځه حوزه,SE
Reg,ریگ ( شگه ),AF2716,,Shiga,Registan,,,Kandahar,کندهار,AF27,Afghanistan,افغانستان,AF,2017-08-23,2018-05-22,,Southern,جنوبی حوزه,SR
Reg-i-Khan Nishin,ریگ خان نشین    ,AF3011,,Reg,,,,Hilmand,هلمند,AF30,Afghanistan,افغانستان,AF,2017-08-23,2018-05-22,,Southern,جنوبی حوزه,SR
Rodat,رودات,AF0607,,,,,,Nangarhar,ننگرهار,AF06,Afghanistan,افغانستان,AF,2017-08-23,2018-05-22,,Eastern,ختیځه حوزه,ER
Rostaq,رُستاق,AF1810,,,,,,Takhar,تخار,AF18,Afghanistan,افغانستان,AF,2017-08-23,2018-05-22,,North Eastern,سهیل ختیځه حوزه,NE
Rukha,رُخه,AF0802,,,,,,Panjsher,پنجشیر,AF08,Afghanistan,افغانستان,AF,2017-08-23,2018-05-22,,Capital,مرکزی حوزه,CR
Ruy-e-Duab,روی دو آب,AF2005,,,,,,Samangan,سمنگان,AF20,Afghanistan,افغانستان,AF,2017-08-23,2018-05-22,,Northern,سهیلی حوزه,NR
Sabari,صبری,AF1407,,Yaqubi,,,,Khost,خوست,AF14,Afghanistan,افغانستان,AF,2017-08-23,2018-05-22,,South Eastern,جنوب ختیځه حوزه,SE
Saghar,ساغر,AF2310,,,,,,Ghor,غور,AF23,Afghanistan,افغانستان,AF,2017-08-23,2018-05-22,,Western,لویدیځه حوزه,WR
Salang,سالنگ,AF0306,,,,,,Parwan,پروان,AF03,Afghanistan,افغانستان,AF,2017-08-23,2018-05-22,,Capital,مرکزی حوزه,CR
Sancharak,سانچارك,AF2205,,Sangchark,,,,Sar-e-Pul,سرپل,AF22,Afghanistan,افغانستان,AF,2017-08-23,2018-05-22,,Northern,سهیلی حوزه,NR
Sang-e-Takht,سنگ تخت,AF2407,,,,,,Daykundi,دایکندی,AF24,Afghanistan,افغانستان,AF,2017-08-23,2018-05-22,,Central Highland,لوړه مرکزی حوزه,CH
Sangin,سنگین,AF3008,,,,,,Hilmand,هلمند,AF30,Afghanistan,افغانستان,AF,2017-08-23,2018-05-22,,Southern,جنوبی حوزه,SR
Sar-e-Pul,سرپل,AF2201,,Centre,,,,Sar-e-Pul,سرپل,AF22,Afghanistan,افغانستان,AF,2017-08-23,2018-05-22,,Northern,سهیلی حوزه,NR
Sar Kani,سرکانی,AF1505,,,,,,Kunar,کنر ها,AF15,Afghanistan,افغانستان,AF,2017-08-23,2018-05-22,,Eastern,ختیځه حوزه,ER
Sar Rawzah,سرروضه (سرحوضه),AF1205,,Sar Hawzah,,,,Paktika,پکتیکا,AF12,Afghanistan,افغانستان,AF,2017-08-23,2018-05-22,,South Eastern,جنوب ختیځه حوزه,SE
Sayad,صیاد,AF2202,,,,,,Sar-e-Pul,سرپل,AF22,Afghanistan,افغانستان,AF,2017-08-23,2018-05-22,,Northern,سهیلی حوزه,NR
Saydabad,سید آباد,AF0405,,,,,,Maidan Wardak,میدان وردک,AF04,Afghanistan,افغانستان,AF,2017-08-23,2018-05-22,,Capital,مرکزی حوزه,CR
Sayed Karam,سیدکرم,AF1306,,,,,,Paktya,پکتیا,AF13,Afghanistan,افغانستان,AF,2017-08-23,2018-05-22,,South Eastern,جنوب ختیځه حوزه,SE
Sayed Khel,سیدخیل,AF0304,,,,,,Parwan,پروان,AF03,Afghanistan,افغانستان,AF,2017-08-23,2018-05-22,,Capital,مرکزی حوزه,CR
Sayghan,سیغان,AF1003,,,,,,Bamyan,بامیان,AF10,Afghanistan,افغانستان,AF,2017-08-23,2018-05-22,,Central Highland,لوړه مرکزی حوزه,CH
Shah Joi,شاه جوی,AF2606,,,,,,Zabul,زابل,AF26,Afghanistan,افغانستان,AF,2017-08-23,2018-05-22,,Southern,جنوبی حوزه,SR
Shah Wali Kot,شاه ولی کوت,AF2706,,,,,,Kandahar,کندهار,AF27,Afghanistan,افغانستان,AF,2017-08-23,2018-05-22,,Southern,جنوبی حوزه,SR
Shahid-e-Hassas,شهید حساس,AF2504,,Charchino,,,,Uruzgan,ارزگان,AF25,Afghanistan,افغانستان,AF,2017-08-23,2018-05-22,,Southern,جنوبی حوزه,SR
Shahr-e-Buzorg,شهر بزرگ,AF1713,,,,,,Badakhshan,بدخشان,AF17,Afghanistan,افغانستان,AF,2017-08-23,2018-05-22,,North Eastern,سهیل ختیځه حوزه,NE
Shahrak,شهرک,AF2306,,,,,,Ghor,غور,AF23,Afghanistan,افغانستان,AF,2017-08-23,2018-05-22,,Western,لویدیځه حوزه,WR
Shahrestan,شهرستان,AF2402,,,,,,Daykundi,دایکندی,AF24,Afghanistan,افغانستان,AF,2017-08-23,2018-05-22,,Central Highland,لوړه مرکزی حوزه,CH
Shakar Dara,شکردره,AF0106,,,,,,Kabul,کابل,AF01,Afghanistan,افغانستان,AF,2017-08-23,2018-05-22,,Capital,مرکزی حوزه,CR
Shaki,شکی,AF1724,,,,,,Badakhshan,بدخشان,AF17,Afghanistan,افغانستان,AF,2017-08-23,2018-05-22,,North Eastern,سهیل ختیځه حوزه,NE
Shamal,شمل,AF1412,,Dowa Mandi,,,,Khost,خوست,AF14,Afghanistan,افغانستان,AF,2017-08-23,2018-05-22,,South Eastern,جنوب ختیځه حوزه,SE
Shamul Zayi,شملزائی,AF2610,,,,,,Zabul,زابل,AF26,Afghanistan,افغانستان,AF,2017-08-23,2018-05-22,,Southern,جنوبی حوزه,SR
Sharak-e-Hayratan,شهرک حیرتان,AF2116,,,,,,Balkh,بلخ,AF21,Afghanistan,افغانستان,AF,2017-08-23,2018-05-22,,Northern,سهیلی حوزه,NR
Sharan,شرن,AF1201,,Centre,,,,Paktika,پکتیکا,AF12,Afghanistan,افغانستان,AF,2017-08-23,2018-05-22,,South Eastern,جنوب ختیځه حوزه,SE
Shawak,شواک,AF1304,,,,,,Paktya,پکتیا,AF13,Afghanistan,افغانستان,AF,2017-08-23,2018-05-22,,South Eastern,جنوب ختیځه حوزه,SE
Shekh Ali,شیخ علی,AF0310,,,,,,Parwan,پروان,AF03,Afghanistan,افغانستان,AF,2017-08-23,2018-05-22,,Capital,مرکزی حوزه,CR
Sherzad,شیرزاد,AF0619,,,,,,Nangarhar,ننگرهار,AF06,Afghanistan,افغانستان,AF,2017-08-23,2018-05-22,,Eastern,ختیځه حوزه,ER
Shibar,شیبر,AF1002,,,,,,Bamyan,بامیان,AF10,Afghanistan,افغانستان,AF,2017-08-23,2018-05-22,,Central Highland,لوړه مرکزی حوزه,CH
Shiberghan,شبرغان,AF2801,,Centre,,,,Jawzjan,جوزجان,AF28,Afghanistan,افغانستان,AF,2017-08-23,2018-05-22,,Northern,سهیلی حوزه,NR
Shibkoh,شیب کوه,AF3305,,,,,,Farah,فراه,AF33,Afghanistan,افغانستان,AF,2017-08-23,2018-05-22,,Western,لویدیځه حوزه,WR
Shigal,شیگل وشلتن,AF1506,,,,,,Kunar,کنر ها,AF15,Afghanistan,افغانستان,AF,2017-08-23,2018-05-22,,Eastern,ختیځه حوزه,ER
Shighnan,شغنان,AF1719,,,,,,Badakhshan,بدخشان,AF17,Afghanistan,افغانستان,AF,2017-08-23,2018-05-22,,North Eastern,سهیل ختیځه حوزه,NE
Shindand,شیندند,AF3214,,,,,,Hirat,هرات,AF32,Afghanistan,افغانستان,AF,2017-08-23,2018-05-22,,Western,لویدیځه حوزه,WR
Shinkay,شینکی,AF2603,,,,,,Zabul,زابل,AF26,Afghanistan,افغانستان,AF,2017-08-23,2018-05-22,,Southern,جنوبی حوزه,SR
Shinwar,شینوار,AF0616,,Ghani Khail,,,,Nangarhar,ننگرهار,AF06,Afghanistan,افغانستان,AF,2017-08-23,2018-05-22,,Eastern,ختیځه حوزه,ER
Shinwari,شینواری,AF0303,,,,,,Parwan,پروان,AF03,Afghanistan,افغانستان,AF,2017-08-23,2018-05-22,,Capital,مرکزی حوزه,CR
Shirin Tagab,شیرین تگاب,AF2906,,,,,,Faryab,فاریاب,AF29,Afghanistan,افغانستان,AF,2017-08-23,2018-05-22,,Northern,سهیلی حوزه,NR
Sholgareh,شولگره,AF2107,,,,,,Balkh,بلخ,AF21,Afghanistan,افغانستان,AF,2017-08-23,2018-05-22,,Northern,سهیلی حوزه,NR
Shorabak,شور آبک,AF2714,,,,,,Kandahar,کندهار,AF27,Afghanistan,افغانستان,AF,2017-08-23,2018-05-22,,Southern,جنوبی حوزه,SR
Shortepa,شور تیپه,AF2112,,,,,,Balkh,بلخ,AF21,Afghanistan,افغانستان,AF,2017-08-23,2018-05-22,,Northern,سهیلی حوزه,NR
Shuhada,شهدا,AF1712,,,,,,Badakhshan,بدخشان,AF17,Afghanistan,افغانستان,AF,2017-08-23,2018-05-22,,North Eastern,سهیل ختیځه حوزه,NE
Shutul,شُتل,AF0806,,,,,,Panjsher,پنجشیر,AF08,Afghanistan,افغانستان,AF,2017-08-23,2018-05-22,,Capital,مرکزی حوزه,CR
Sozmaqala,سوزمه قلعه,AF2204,,,,,,Sar-e-Pul,سرپل,AF22,Afghanistan,افغانستان,AF,2017-08-23,2018-05-22,,Northern,سهیلی حوزه,NR
Spera,سپیره,AF1411,,,,,,Khost,خوست,AF14,Afghanistan,افغانستان,AF,2017-08-23,2018-05-22,,South Eastern,جنوب ختیځه حوزه,SE
Spin Boldak,سپین بولدک,AF2711,,,,,,Kandahar,کندهار,AF27,Afghanistan,افغانستان,AF,2017-08-23,2018-05-22,,Southern,جنوبی حوزه,SR
Surkh-e-Parsa,سرخ پارسا,AF0309,,,,,,Parwan,پروان,AF03,Afghanistan,افغانستان,AF,2017-08-23,2018-05-22,,Capital,مرکزی حوزه,CR
Surkh Rod,سرخ رود,AF0603,,,,,,Nangarhar,ننگرهار,AF06,Afghanistan,افغانستان,AF,2017-08-23,2018-05-22,,Eastern,ختیځه حوزه,ER
Surobi,سروبی,AF0115,,,,,,Kabul,کابل,AF01,Afghanistan,افغانستان,AF,2017-08-23,2018-05-22,,Capital,مرکزی حوزه,CR
Surobi,سروبی,AF1210,,,,,,Paktika,پکتیکا,AF12,Afghanistan,افغانستان,AF,2017-08-23,2018-05-22,,South Eastern,جنوب ختیځه حوزه,SE
Tagab,تگاب,AF0206,,,,,,Kapisa,کاپیسا,AF02,Afghanistan,افغانستان,AF,2017-08-23,2018-05-22,,Capital,مرکزی حوزه,CR
Tagab,تگاب,AF1717,,Kishmi Bala,,,,Badakhshan,بدخشان,AF17,Afghanistan,افغانستان,AF,2017-08-23,2018-05-22,,North Eastern,سهیل ختیځه حوزه,NE
Tala Wa Barfak,تاله وبرفک,AF0911,,,,,,Baghlan,بغلان,AF09,Afghanistan,افغانستان,AF,2017-08-23,2018-05-22,,North Eastern,سهیل ختیځه حوزه,NE
Taloqan,تالقان,AF1801,,Centre,,,,Takhar,تخار,AF18,Afghanistan,افغانستان,AF,2017-08-23,2018-05-22,,North Eastern,سهیل ختیځه حوزه,NE
Tani,تنی,AF1404,,Dargai,,,,Khost,خوست,AF14,Afghanistan,افغانستان,AF,2017-08-23,2018-05-22,,South Eastern,جنوب ختیځه حوزه,SE
Tarnak Wa Jaldak,ترنک و جلدک,AF2602,,Shahr-e-Safa,,,,Zabul,زابل,AF26,Afghanistan,افغانستان,AF,2017-08-23,2018-05-22,,Southern,جنوبی حوزه,SR
Taywarah,تیوره,AF2308,,,,,,Ghor,غور,AF23,Afghanistan,افغانستان,AF,2017-08-23,2018-05-22,,Western,لویدیځه حوزه,WR
Terezayi,تری زائی,AF1408,,Ali Sher,,,,Khost,خوست,AF14,Afghanistan,افغانستان,AF,2017-08-23,2018-05-22,,South Eastern,جنوب ختیځه حوزه,SE
Teshkan,تشکان,AF1711,,,,,,Badakhshan,بدخشان,AF17,Afghanistan,افغانستان,AF,2017-08-23,2018-05-22,,North Eastern,سهیل ختیځه حوزه,NE
Tirinkot,تیرینکوت,AF2501,,Centre,,,,Uruzgan,ارزگان,AF25,Afghanistan,افغانستان,AF,2017-08-23,2018-05-22,,Southern,جنوبی حوزه,SR
Tolak,تولک,AF2309,,,,,,Ghor,غور,AF23,Afghanistan,افغانستان,AF,2017-08-23,2018-05-22,,Western,لویدیځه حوزه,WR
Turwo,تروو,AF1219,,Tarwe,,,,Paktika,پکتیکا,AF12,Afghanistan,افغانستان,AF,2017-08-23,2018-05-22,,South Eastern,جنوب ختیځه حوزه,SE
Urgun,ارگون,AF1211,,,,,,Paktika,پکتیکا,AF12,Afghanistan,افغانستان,AF,2017-08-23,2018-05-22,,South Eastern,جنوب ختیځه حوزه,SE
Waghaz,واغظ,AF1104,,,,,,Ghazni,غزنی,AF11,Afghanistan,افغانستان,AF,2017-08-23,2018-05-22,,South Eastern,جنوب ختیځه حوزه,SE
Wakhan,واخان,AF1728,,,,,,Badakhshan,بدخشان,AF17,Afghanistan,افغانستان,AF,2017-08-23,2018-05-22,,North Eastern,سهیل ختیځه حوزه,NE
Wal-e-Muhammad-e-Shahid,ولی محمد شهید,AF1102,,Khugyani,,,,Ghazni,غزنی,AF11,Afghanistan,افغانستان,AF,2017-08-23,2018-05-22,,South Eastern,جنوب ختیځه حوزه,SE
Wama,واما,AF1603,,,,,,Nuristan,نورستان,AF16,Afghanistan,افغانستان,AF,2017-08-23,2018-05-22,,Eastern,ختیځه حوزه,ER
Waras,ورث,AF1007,,,,,,Bamyan,بامیان,AF10,Afghanistan,افغانستان,AF,2017-08-23,2018-05-22,,Central Highland,لوړه مرکزی حوزه,CH
Warduj,وردوج,AF1716,,,,,,Badakhshan,بدخشان,AF17,Afghanistan,افغانستان,AF,2017-08-23,2018-05-22,,North Eastern,سهیل ختیځه حوزه,NE
Warsaj,ورسج,AF1813,,,,,,Takhar,تخار,AF18,Afghanistan,افغانستان,AF,2017-08-23,2018-05-22,,North Eastern,سهیل ختیځه حوزه,NE
Washer,واشیر,AF3005,,,,,,Hilmand,هلمند,AF30,Afghanistan,افغانستان,AF,2017-08-23,2018-05-22,,Southern,جنوبی حوزه,SR
Watapur,وته پور,AF1503,,,,,,Kunar,کنر ها,AF15,Afghanistan,افغانستان,AF,2017-08-23,2018-05-22,,Eastern,ختیځه حوزه,ER
Waygal,وایگل,AF1602,,,,,,Nuristan,نورستان,AF16,Afghanistan,افغانستان,AF,2017-08-23,2018-05-22,,Eastern,ختیځه حوزه,ER
Wazakhah,وازه خواه,AF1217,,,,,,Paktika,پکتیکا,AF12,Afghanistan,افغانستان,AF,2017-08-23,2018-05-22,,South Eastern,جنوب ختیځه حوزه,SE
Wormamay,وړ ممی,AF1218,,,,,,Paktika,پکتیکا,AF12,Afghanistan,افغانستان,AF,2017-08-23,2018-05-22,,South Eastern,جنوب ختیځه حوزه,SE
Yaftal-e-Sufla,یفتل سفلی,AF1704,,,,,,Badakhshan,بدخشان,AF17,Afghanistan,افغانستان,AF,2017-08-23,2018-05-22,,North Eastern,سهیل ختیځه حوزه,NE
Yahya Khel,یحی خیل,AF1204,,,,,,Paktika,پکتیکا,AF12,Afghanistan,افغانستان,AF,2017-08-23,2018-05-22,,South Eastern,جنوب ختیځه حوزه,SE
Yakawlang,یکاولنگ,AF1005,,,,,,Bamyan,بامیان,AF10,Afghanistan,افغانستان,AF,2017-08-23,2018-05-22,,Central Highland,لوړه مرکزی حوزه,CH
Yamgan,یمگان,AF1718,,Girwan,,,,Badakhshan,بدخشان,AF17,Afghanistan,افغانستان,AF,2017-08-23,2018-05-22,,North Eastern,سهیل ختیځه حوزه,NE
Yangi Qala,ینگی قلعه,AF1817,,,,,,Takhar,تخار,AF18,Afghanistan,افغانستان,AF,2017-08-23,2018-05-22,,North Eastern,سهیل ختیځه حوزه,NE
Yawan,یاوان,AF1709,,,,,,Badakhshan,بدخشان,AF17,Afghanistan,افغانستان,AF,2017-08-23,2018-05-22,,North Eastern,سهیل ختیځه حوزه,NE
Yosuf Khel,یوسف خیل,AF1203,,,,,,Paktika,پکتیکا,AF12,Afghanistan,افغانستان,AF,2017-08-23,2018-05-22,,South Eastern,جنوب ختیځه حوزه,SE
Zadran,حّدران,AF1305,,Wuza Zadran,,,,Paktya,پکتیا,AF13,Afghanistan,افغانستان,AF,2017-08-23,2018-05-22,,South Eastern,جنوب ختیځه حوزه,SE
Zanakhan,زنه خان,AF1108,,,,,,Ghazni,غزنی,AF11,Afghanistan,افغانستان,AF,2017-08-23,2018-05-22,,South Eastern,جنوب ختیځه حوزه,SE
Zaranj,زرنج,AF3401,,Centre,,,,Nimroz,نیمروز,AF34,Afghanistan,افغانستان,AF,2017-08-23,2018-05-22,,Southern,جنوبی حوزه,SR
Zarghun Shahr,زرغون شهر,AF1207,,,,,,Paktika,پکتیکا,AF12,Afghanistan,افغانستان,AF,2017-08-23,2018-05-22,,South Eastern,جنوب ختیځه حوزه,SE
Zari,زاری,AF2115,,,,,,Balkh,بلخ,AF21,Afghanistan,افغانستان,AF,2017-08-23,2018-05-22,,Northern,سهیلی حوزه,NR
Zebak,زیباک,AF1725,,,,,,Badakhshan,بدخشان,AF17,Afghanistan,افغانستان,AF,2017-08-23,2018-05-22,,North Eastern,سهیل ختیځه حوزه,NE
Zheray,ژړۍ,AF2705,,,,,,Kandahar,کندهار,AF27,Afghanistan,افغانستان,AF,2017-08-23,2018-05-22,,Southern,جنوبی حوزه,SR
Zindajan,زنده جان,AF3205,,,,,,Hirat,هرات,AF32,Afghanistan,افغانستان,AF,2017-08-23,2018-05-22,,Western,لویدیځه حوزه,WR
Ziruk,زیړوک,AF1212,,,,,,Paktika,پکتیکا,AF12,Afghanistan,افغانستان,AF,2017-08-23,2018-05-22,,South Eastern,جنوب ختیځه حوزه,SE
Zurmat,زُرمت,AF1303,,,,,,Paktya,پکتیا,AF13,Afghanistan,افغانستان,AF,2017-08-23,2018-05-22,,South Eastern,جنوب ختیځه حوزه,SE
